[EMA_DUAL] window=10s calls=161 far=99.4% moving=96.3% ema_on=0.0% (thresholds: range>=5.0m, |v|>=0.30m/s)
[EMA_DUAL] window=10s calls=276 far=100.0% moving=91.7% ema_on=0.0% (thresholds: range>=5.0m, |v|>=0.30m/s)
[EMA_DUAL] window=10s calls=284 far=88.4% moving=93.7% ema_on=0.0% (thresholds: range>=5.0m, |v|>=0.30m/s)
[EMA_DUAL] window=13s calls=284 far=94.4% moving=97.9% ema_on=1.4% (thresholds: range>=5.0m, |v|>=0.30m/s)
[EMA_DUAL] window=10s calls=95 far=97.9% moving=94.7% ema_on=0.0% (thresholds: range>=5.0m, |v|>=0.30m/s)
[EMA_DUAL] window=10s calls=144 far=100.0% moving=97.2% ema_on=0.0% (thresholds: range>=5.0m, |v|>=0.30m/s)
[EMA_DUAL] window=10s calls=104 far=93.3% moving=100.0% ema_on=0.0% (thresholds: range>=5.0m, |v|>=0.30m/s)
[EMA_DUAL] window=10s calls=100 far=97.0% moving=100.0% ema_on=0.0% (thresholds: range>=5.0m, |v|>=0.30m/s)
[EMA_DUAL] window=19s calls=25 far=100.0% moving=100.0% ema_on=0.0% (thresholds: range>=5.0m, |v|>=0.30m/s)
[EMA_DUAL] window=10s calls=42 far=100.0% moving=92.9% ema_on=0.0% (thresholds: range>=5.0m, |v|>=0.30m/s)
[EMA_DUAL] window=10s calls=52 far=100.0% moving=100.0% ema_on=0.0% (thresholds: range>=5.0m, |v|>=0.30m/s)
[EMA_DUAL] window=10s calls=69 far=100.0% moving=84.1% ema_on=0.0% (thresholds: range>=5.0m, |v|>=0.30m/s)
[EMA_DUAL] window=136s calls=663 far=95.5% moving=97.7% ema_on=0.0% (thresholds: range>=5.0m, |v|>=0.30m/s)
[EMA_DUAL] window=10s calls=88 far=100.0% moving=100.0% ema_on=0.0% (thresholds: range>=5.0m, |v|>=0.30m/s)
[EMA_DUAL] window=10s calls=100 far=100.0% moving=100.0% ema_on=0.0% (thresholds: range>=5.0m, |v|>=0.30m/s)
